31,vsajja_resume1249528831256016158.pdf,resume content,
32,vsajja_coverletter1642695490560541777.pdf,cover letter,
33,vsajja_coverletter1884035512677756922.pdf,cover letter,
34,vsajja_resume768881995242800320.pdf,resume content,
35,vsajja_resume9049050678001242105.pdf,resume content,
36,vsajja_coverletter5364513348667537025.pdf,cover letter,
37,vsajja_resume1568035467012793843.pdf,resume content,
38,vsajja_coverletter4340419907527862061.pdf,cover letter,
39,vsajja_resume8487292495082719504.pdf,resume content,
40,vsajja_coverletter7035061251536536068.pdf,cover letter,
41,vsajja_resume3768092246713259742.pdf,resume content,
42,vsajja_coverletter6405600412508659814.pdf,cover letter,
43,vsajja_coverletter1393791792625912377.pdf,cover letter,
44,vsajja_resume5592363918693344952.pdf,resume content,
45,vsajja_coverletter902654130939534902.pdf,cover letter,
46,vsajja_resume8628102264249537373.pdf,resume content,
47,vsajja_resume8703213501089788582.pdf,resume content,
48,vsajja_coverletter3312868168579428496.pdf,cover letter,
49,vsajja_resume2722845412975959954.pdf,resume content,
50,vsajja_coverletter8155033519604536700.pdf,cover letter,
51,vsajja_coverletter9160023924131000438.pdf,cover letter,
52,vsajja_resume2736623559396981607.pdf,resume content,
53,vsajja_resume7726894534143321896.pdf,resume content,
54,vsajja_coverletter5936674757277080026.pdf,cover letter,
55,vsajja_resume1216523495216685910.pdf,resume content,
56,vsajja_coverletter1029122037870679530.pdf,cover letter,
57,vsajja_resume9182361037822553903.pdf,resume content,
58,vsajja_coverletter7382864788483822402.pdf,cover letter,
59,vsajja_coverletter2910721857149473621.pdf,cover letter,
60,vsajja_resume4981786990549656233.pdf,resume content,
61,vsajja_resume2161901524743154311.pdf,resume content,
62,vsajja_coverletter161330329887473729.pdf,cover letter,
63,vsajja_coverletter6779021671652562077.pdf,cover letter,
64,vsajja_resume5810125072744960905.pdf,resume content,
65,vsajja_resume1162492036363590826.pdf,resume content,
66,vsajja_coverletter3561617835102279759.pdf,cover letter,
67,vsajja_coverletter4684307704262549156.pdf,cover letter,
68,vsajja_resume8928797121915581333.pdf,resume content,
